ID,x,y,patch
0.0,0.0,0.0,0.0
0.0,-190.20096556491788,180.00129296899925,1.0
0.0,-236.42536324748147,311.3075576906024,1.0
0.0,-407.053538665633,-33.17026070923899,1.0
0.0,-72.12296318696708,335.69613686967756,1.0
0.0,-147.72558782819306,296.6430824820811,1.0
0.0,-363.2562972942453,227.96358201937738,1.0
0.0,-41.363185448467874,446.8525869187249,1.0
0.0,96.42545673250905,355.4942688501227,1.0
0.0,-378.2476301805487,312.5897273705282,1.0
