ID,x,y
0,25,-16.5831239518
1,0,0
2,-15.4508497187,47.5528258148
3,25,76.9420884294
4,65.4508497187,47.5528258148
5,50,0
