"ID","x","y","patch"
0,0,0,1
1,-57.9938430675069,413.060194554816,2
2,-53.3361407723525,439.595383022723,2
3,-18.9638507275671,415.677031226643,2
4,-90.4199942125013,412.695756457647,2
5,-26.9587726932446,395.90984432955,2
