ID,x,y,patch
0.0,0.0,0.0,0.0
0.0,25.896229658023515,-273.4363911625522,1.0
0.0,6.827516967577694,-254.14587490854979,1.0
0.0,-1.234933083477987,-300.21891269068925,1.0
0.0,55.09821798977245,-269.68641441538944,1.0
0.0,37.94150145919319,-302.37073855817505,1.0
0.0,-12.289260996466176,-272.29902001794807,1.0
0.0,27.366676083758506,-240.51015927854976,1.0
0.0,150.99050994562006,-161.7479613819169,2.0
0.0,154.0076271193265,-189.7672707979435,2.0
0.0,129.97952759344003,-171.28900263266365,2.0
