"ID","x","y","patch"
0,0,0,1
1,-256.729759265467,-7.89024365047092,2
2,-79.6648115369325,126.244250399243,2
3,-225.504923420223,-8.14105376430639,2
4,-187.800526737623,474.267571121929,2
5,-60.1002514741578,-280.82586013783,2
