"ID","x","y","patch"
0,0,0,1
1,7.48436102292574,22.6473783158734,2
2,14.5056419207951,45.0863078930863,2
3,38.3554309146452,27.6000565326865,2
4,-9.6886581018724,58.714837010507,2
5,19.5404499668843,-4.63523766439175,2
