ID,x,y,patch
0.0,0.0,0.0,0.0
0.0,-295.69175081933895,-17.877987482775595,1.0
0.0,-639.9722938786867,342.3048334446479,1.0
