"ID","x","y","patch"
0,0,0,1
1,-245.674862098376,39.7209819086826,2
2,-264.812090856137,60.557432119191,2
3,-216.206023486853,39.877477543972,2
4,-232.318836480581,17.6046782391948,2
5,-268.600706830098,25.7463742977654,2
