"ID","x","y"
0,0,0
1,-25,16.5831239518
2,-40.4508497187,64.1359497666
3,0,93.5252123812
4,40.4508497187,64.1359497666
5,25,16.5831239518
