"ID","x","y","patch"
0,0,0,1
1,-278.62999420246,-175.607493081087,2
2,-290.95493113846,-211.943002626362,2
3,-251.156835663937,-169.69142397352,2
4,-276.882725118682,-197.578729309528,2
5,-282.351347680584,-147.055712394018,2
