"ID","x","y","patch"
0,0,0,1
1,-17.8472459595352,159.51097411878,2
2,-34.5956452914978,138.97295176177,2
3,-24.6254027887384,198.496033548369,2
4,18.0376966916897,149.998269895623,2
5,-1.37427837085757,133.639093595112,2
