"ID","x","y","patch"
0,0,0,1
1,156.907671418067,80.1766589514183,2
2,100.210911966325,55.4404278370193,2
3,55.5424769690171,-41.5838602899824,2
4,274.64796458269,260.131042751583,2
5,-84.3762074158568,-55.6471882909561,2
