ID,x,y,patch
0.0,0.0,0.0,0.0
0.0,59.251417414572096,291.8871946695942,1.0
0.0,-95.73240839380449,-11.165827614493821,1.0
0.0,426.47790844011433,28.849800637227872,1.0
0.0,135.622844582045,250.99529091956134,1.0
