"ID","x","y","patch"
0,0,0,1
1,-406.100593100524,164.548241040104,2
2,-298.772836192962,-145.905613693147,2
3,-223.131179250129,147.394773886408,2
4,-328.146107425226,174.769248274375,2
5,-384.268446683258,190.256761398582,2
