"ID","x","y","patch"
0,0,0,1
1,276.191290590914,-212.384987043734,2
2,295.306880063393,-224.039993803124,2
3,316.016074848912,-212.956940539073,2
4,269.602113690304,-234.967053096329,2
5,238.693191714683,-224.016935354552,2
