"ID","x","y","patch"
0,0,0,1
1,-217.533020551875,-100.643759308244,2
2,-199.905731864572,-66.8699710333707,2
3,-205.023031581046,-120.058214282309,2
4,-252.113478588785,-87.188895552642,2
5,-181.102345495816,-92.6777765133902,2
