"ID","x","y","patch"
0,0,0,1
1,-38.9495821475759,-118.787793300106,2
2,-65.0794753437578,-112.062553856817,2
3,-23.7685766732372,-100.187975379654,2
4,-45.0423398504777,-148.138177041963,2
5,-15.6239369067292,-140.812408204589,2
