ID,x,y,patch
0.0,0.0,0.0,0.0
0.0,-61.30172201922921,-192.10205975019997,1.0
0.0,-35.76460643137922,-299.0750193661248,1.0
0.0,-71.01976899270095,-276.9826077759519,1.0
0.0,97.80739944384607,-433.43499245812325,1.0
0.0,46.97425654819191,-429.07473060706957,1.0
0.0,-53.274971627128835,-218.18314524969384,1.0
0.0,-126.94264693197576,-443.49427687806696,1.0
0.0,173.52211513692873,-408.6910569998237,1.0
0.0,365.36511283147485,-170.19311637084957,1.0
