"ID","x","y","patch"
0,0,0,1
1,254.295321652068,276.781847604883,2
2,693.267861206569,155.298956978066,2
3,339.725081206148,215.845150441931,2
4,64.3801464647794,-114.127213550159,2
5,397.93226068142,20.2190543725015,2
