ID,x,y,patch
0.0,0.0,0.0,0.0
0.0,-283.6511000957431,-243.88657307870872,1.0
0.0,-299.380949553076,-224.79836485771983,1.0
0.0,-260.2106427518387,-235.53732844417712,1.0
0.0,-261.69027622812735,-261.7119704245481,1.0
0.0,-282.2259936785765,-272.5258098492653,1.0
0.0,-278.65512217415346,-210.91691712973267,1.0
0.0,-312.9522513137093,-270.7039304079639,1.0
0.0,280.43560945668935,-74.79149171106297,2.0
0.0,269.87327596203374,-99.47468286365647,2.0
0.0,287.016921876554,-36.4671050055975,2.0
