ID,x,y,patch
0.0,0.0,0.0,0.0
0.0,471.5499592510148,24.27303103112277,1.0
0.0,467.39112133950016,94.3083716897843,1.0
0.0,353.50566677407136,461.3240133949955,1.0
0.0,540.8341129244471,22.621594451801016,1.0
0.0,70.48477309896555,135.5416772785085,1.0
