"ID","x","y","patch"
0,0,0,1
1,461.791268181217,94.8887420602088,2
2,489.712662694524,112.329229722497,2
3,490.936132962064,72.4478434221837,2
4,438.387591049698,80.3240063559093,2
5,464.572749270641,123.397365864534,2
