"ID","x","y","patch"
0,0,0,1
1,-145.979505098782,-282.378046286401,2
2,136.466088826372,-608.774964260902,2
3,-189.551463257459,-234.324277502517,2
4,-18.9158435554048,-471.8659010607,2
5,249.803688486112,-586.657929360898,2
