"ID","x","y","patch"
0,0,0,1
1,-170.421475016441,-399.574149555846,2
2,-169.790169942559,-264.008428651333,2
3,-591.709931168459,-292.987676672838,2
4,50.7781552973576,-724.376257491608,2
5,-549.72087031328,-488.521232404197,2
