"ID","x","y","patch"
0,0,0,1
1,348.961470184138,-258.085733952884,2
2,377.66399767913,-270.604526263722,2
3,318.694287793055,-245.813588342691,2
4,321.469874797489,-276.8604849838,2
5,372.265505836875,-247.763972239743,2
