ID,x,y,patch
0.0,0.0,0.0,0.0
0.0,-292.85920183150256,289.6049241285385,1.0
0.0,-283.35230794698833,256.16934375035027,1.0
0.0,-315.2808472215116,322.2913772844725,1.0
0.0,-263.2815131311476,309.92074489801695,1.0
0.0,-314.0752154205398,275.5584768999221,1.0
0.0,-259.2517068436193,284.71298964500227,1.0
0.0,-296.85471172672277,313.7943433026338,1.0
0.0,-193.67130658954994,-448.3754362273064,2.0
0.0,-201.89338820847794,-420.3968229575754,2.0
0.0,-228.23091993732052,-440.6459549071928,2.0
