ID,x,y,patch
0.0,0.0,0.0,0.0
0.0,-366.5642768548848,-167.21284134255856,1.0
0.0,-349.071018860527,205.1853516635163,1.0
0.0,-500.91931031709146,-247.2962351386974,1.0
