"ID","x","y","patch"
0,0,0,1
1,364.472366868066,304.929527396648,2
2,253.990536787117,486.696351890606,2
3,-46.048356644638,242.649146728468,2
4,602.357655890934,253.662261923871,2
5,422.756146469482,464.593934253551,2
