"ID","x","y","patch"
0,0,0,1
1,-408.296340295518,-40.5676015912498,2
2,-325.543750936086,75.9951813173012,2
3,-525.736287232722,-299.944049731348,2
4,-740.108342571179,-23.9091282154854,2
5,-701.242798752203,-78.6603949571858,2
