ID,x,y,patch
0.0,0.0,0.0,0.0
0.0,-62.52971753850178,-0.004263105984718637,1.0
0.0,-30.530399492963934,6.485924570717873,1.0
0.0,-83.03708941908734,-19.778361435825055,1.0
0.0,-56.978621548878046,-20.030147628888333,1.0
0.0,173.02391830476685,37.24142390414269,2.0
0.0,148.29378932626128,55.560048564649115,2.0
0.0,198.97992238537722,21.36950603540453,2.0
0.0,170.47119091209163,9.840297057129753,2.0
0.0,188.7720847346048,73.77571833507692,2.0
0.0,154.71253318108418,28.222475121684475,2.0
