"ID","x","y","patch"
0,0,0,1
1,177.006221966512,24.7828283788122,2
2,-33.3060295220348,-267.016721541172,2
3,334.751708369422,151.666676805041,2
4,-112.713544466949,118.77585722545,2
5,120.731220043195,-137.874699675134,2
6,159.426842441447,252.171396165126,2
7,295.297789433984,-101.626737120782,2
8,392.621862411977,196.830793470121,2
9,238.20829226652,1.4287644489855,2
10,132.575209361235,75.0136559204449,2
