ID,x,y,patch
0.0,0.0,0.0,0.0
0.0,39.08808317453436,201.3018051133991,1.0
0.0,-52.373305565086596,-135.35186563895996,1.0
0.0,-68.98941958314634,288.3444736619483,1.0
0.0,-139.7305178874601,16.180237894046314,1.0
0.0,190.49091321257322,268.5718129754536,1.0
