ID,x,y,patch
0.0,0.0,0.0,0.0
0.0,71.05107264505814,-313.17221382469967,1.0
0.0,-372.3290385570234,-289.8998137074867,1.0
0.0,-81.22756076829016,-350.7916095538389,1.0
