"ID","x","y","patch"
0,0,0,1
1,-412.223279611444,-266.11642014952,2
2,-393.946242832843,-399.545076208815,2
3,-632.282843011589,-196.956634988349,2
4,-29.1223194650504,-286.539355588827,2
5,-428.988077292454,-282.820721058491,2
