"ID","x","y","patch"
0,0,0,1
1,-61.9238292307043,266.983872675695,2
2,130.491149795608,269.280392683054,2
3,25.7207366354046,264.598072297633,2
4,-362.469616779429,48.2211486977836,2
5,0.54213300479185,351.691668743175,2
