ID,x,y,patch
0.0,0.0,0.0,0.0
0.0,-284.956103279009,106.25455302759507,1.0
0.0,-259.12400035419967,82.03131358930841,1.0
0.0,-250.5109984450122,109.30052714967988,1.0
0.0,-309.2752333668355,99.87250150098286,1.0
0.0,58.136838121502706,162.67453717461387,2.0
0.0,91.98581161304504,182.30298290220554,2.0
0.0,63.62700978612774,136.7278773087514,2.0
0.0,54.38241157587463,184.59925248693048,2.0
0.0,30.657143255237393,179.02582583981757,2.0
0.0,37.75409591531095,142.75545651215376,2.0
