ID,x,y,patch
0.0,0.0,0.0,0.0
0.0,-25.58319804209216,-37.46077778781891,1.0
0.0,-52.79861965724134,-43.342241398432385,1.0
0.0,12.430432136897497,-29.16309184526147,1.0
0.0,-44.385537058833634,-67.1665878484163,1.0
0.0,30.397396778025985,149.858299981177,2.0
0.0,45.82625204347869,127.01755059740373,2.0
0.0,43.88399316115445,169.30963157380626,2.0
0.0,64.04547726188426,150.41161206785011,2.0
0.0,15.581723589448131,174.38226661356586,2.0
0.0,9.113851468926846,117.75563343518658,2.0
