ID,x,y,patch
0.0,0.0,0.0,0.0
0.0,-17.519629478487502,-71.81574690487739,1.0
0.0,-89.90270072254849,-236.46964094854812,1.0
0.0,51.05979244473194,-134.69748415953953,1.0
0.0,-146.3600043554863,82.86258938679316,1.0
0.0,186.57121217688265,3.0490217236192763,1.0
0.0,421.57878053241376,130.80204786844575,1.0
0.0,-50.932000958231356,-460.33456991845503,1.0
0.0,-369.3046941497278,149.5793659325092,1.0
0.0,-8.487050561178856,-95.48922093774411,1.0
