ID,x,y,patch
0.0,0.0,0.0,0.0
0.0,-376.24138295629655,62.60122985520994,1.0
0.0,-280.5117986230622,382.33337071442315,1.0
0.0,-609.8679129595157,-313.6027263429314,1.0
0.0,-536.1090241198265,320.67068661817416,1.0
0.0,-502.5356833352602,24.396847064262488,1.0
0.0,-472.19378104156294,524.2323596317345,1.0
0.0,-351.3839467866068,369.2423313263091,1.0
