ID,x,y,patch
0.0,0.0,0.0,0.0
0.0,-344.75542200561574,76.97695910599384,1.0
0.0,-251.69848919023406,238.39021363708795,1.0
0.0,-27.710551155918438,-81.00958570369946,1.0
0.0,-390.2851272929627,161.90656182930593,1.0
