ID,x,y,patch
0.0,0.0,0.0,0.0
0.0,120.62143888563511,478.92703187263083,1.0
0.0,100.77369920642877,501.1791366731496,1.0
0.0,130.6684675168849,496.6021559660659,1.0
0.0,84.33358530358319,473.49485743498013,1.0
0.0,148.43137750131632,476.1638866562216,1.0
0.0,127.68714132640412,450.64024789069657,1.0
0.0,108.96541784732577,459.06830599087186,1.0
0.0,-191.31144205857282,-275.8066566505849,2.0
0.0,-196.9224279514907,-309.666339506919,2.0
0.0,-207.23724100548685,-252.4313155940238,2.0
