ID,x,y,patch
0.0,0.0,0.0,0.0
0.0,-216.37087139888146,256.05498269815376,1.0
0.0,18.59930078416113,-89.09297936423502,1.0
