ID,x,y,patch
0.0,0.0,0.0,0.0
0.0,-248.35640475456057,50.89906268282172,1.0
